Workbook
Name regions: 级联字典!$B$2:$B$2
Name projects_k1e4fa8a762: 级联字典!$C$3:$C$9
Name subs_kc1c4d5bfd8: 级联字典!$D$4:$D$6
Name subs_kb72aa8bc64: 级联字典!$D$10:$D$12
Name clauses_kbfee3eebaf: 级联字典!$F$4:$F$4
Name clauses_k9fe68353f8: 级联字典!$F$6:$F$7
Name clauses_kca8cb6920e: 级联字典!$F$10:$F$10
Name clauses_k249effdd53: 级联字典!$F$12:$F$12

Sheet 审核范围配置
A1: 周期粒度 | B1: 周期起 | C1: 周期止 | D1: 制造基地
A4: 区域 | B4: 项目 | C4: 子要素 | D4: 条款名称 | E4: 分派人 | F4: 条款实例ID
F5: =IF(D5="","",INDEX(级联字典!$E$2:$E$13,MATCH(I5&"|"&D5,级联字典!$G$2:$G$13,0))) | G5: =IF(A5="","",INDEX(级联字典!$A$2:$A$13,MATCH(A5,级联字典!$B$2:$B$13,0))) | H5: =IF(G5="","",INDEX(级联字典!$A$2:$A$13,MATCH(B5,级联字典!$C$2:$C$13,0))) | I5: =IF(H5="","",INDEX(级联字典!$A$2:$A$13,MATCH(C5,级联字典!$D$2:$D$13,0)))
F6: =IF(D6="","",INDEX(级联字典!$E$2:$E$13,MATCH(I6&"|"&D6,级联字典!$G$2:$G$13,0))) | G6: =IF(A6="","",INDEX(级联字典!$A$2:$A$13,MATCH(A6,级联字典!$B$2:$B$13,0))) | H6: =IF(G6="","",INDEX(级联字典!$A$2:$A$13,MATCH(B6,级联字典!$C$2:$C$13,0))) | I6: =IF(H6="","",INDEX(级联字典!$A$2:$A$13,MATCH(C6,级联字典!$D$2:$D$13,0)))
F7: =IF(D7="","",INDEX(级联字典!$E$2:$E$13,MATCH(I7&"|"&D7,级联字典!$G$2:$G$13,0))) | G7: =IF(A7="","",INDEX(级联字典!$A$2:$A$13,MATCH(A7,级联字典!$B$2:$B$13,0))) | H7: =IF(G7="","",INDEX(级联字典!$A$2:$A$13,MATCH(B7,级联字典!$C$2:$C$13,0))) | I7: =IF(H7="","",INDEX(级联字典!$A$2:$A$13,MATCH(C7,级联字典!$D$2:$D$13,0)))
F8: =IF(D8="","",INDEX(级联字典!$E$2:$E$13,MATCH(I8&"|"&D8,级联字典!$G$2:$G$13,0))) | G8: =IF(A8="","",INDEX(级联字典!$A$2:$A$13,MATCH(A8,级联字典!$B$2:$B$13,0))) | H8: =IF(G8="","",INDEX(级联字典!$A$2:$A$13,MATCH(B8,级联字典!$C$2:$C$13,0))) | I8: =IF(H8="","",INDEX(级联字典!$A$2:$A$13,MATCH(C8,级联字典!$D$2:$D$13,0)))
F9: =IF(D9="","",INDEX(级联字典!$E$2:$E$13,MATCH(I9&"|"&D9,级联字典!$G$2:$G$13,0))) | G9: =IF(A9="","",INDEX(级联字典!$A$2:$A$13,MATCH(A9,级联字典!$B$2:$B$13,0))) | H9: =IF(G9="","",INDEX(级联字典!$A$2:$A$13,MATCH(B9,级联字典!$C$2:$C$13,0))) | I9: =IF(H9="","",INDEX(级联字典!$A$2:$A$13,MATCH(C9,级联字典!$D$2:$D$13,0)))
F10: =IF(D10="","",INDEX(级联字典!$E$2:$E$13,MATCH(I10&"|"&D10,级联字典!$G$2:$G$13,0))) | G10: =IF(A10="","",INDEX(级联字典!$A$2:$A$13,MATCH(A10,级联字典!$B$2:$B$13,0))) | H10: =IF(G10="","",INDEX(级联字典!$A$2:$A$13,MATCH(B10,级联字典!$C$2:$C$13,0))) | I10: =IF(H10="","",INDEX(级联字典!$A$2:$A$13,MATCH(C10,级联字典!$D$2:$D$13,0)))
F11: =IF(D11="","",INDEX(级联字典!$E$2:$E$13,MATCH(I11&"|"&D11,级联字典!$G$2:$G$13,0))) | G11: =IF(A11="","",INDEX(级联字典!$A$2:$A$13,MATCH(A11,级联字典!$B$2:$B$13,0))) | H11: =IF(G11="","",INDEX(级联字典!$A$2:$A$13,MATCH(B11,级联字典!$C$2:$C$13,0))) | I11: =IF(H11="","",INDEX(级联字典!$A$2:$A$13,MATCH(C11,级联字典!$D$2:$D$13,0)))
F12: =IF(D12="","",INDEX(级联字典!$E$2:$E$13,MATCH(I12&"|"&D12,级联字典!$G$2:$G$13,0))) | G12: =IF(A12="","",INDEX(级联字典!$A$2:$A$13,MATCH(A12,级联字典!$B$2:$B$13,0))) | H12: =IF(G12="","",INDEX(级联字典!$A$2:$A$13,MATCH(B12,级联字典!$C$2:$C$13,0))) | I12: =IF(H12="","",INDEX(级联字典!$A$2:$A$13,MATCH(C12,级联字典!$D$2:$D$13,0)))
F13: =IF(D13="","",INDEX(级联字典!$E$2:$E$13,MATCH(I13&"|"&D13,级联字典!$G$2:$G$13,0))) | G13: =IF(A13="","",INDEX(级联字典!$A$2:$A$13,MATCH(A13,级联字典!$B$2:$B$13,0))) | H13: =IF(G13="","",INDEX(级联字典!$A$2:$A$13,MATCH(B13,级联字典!$C$2:$C$13,0))) | I13: =IF(H13="","",INDEX(级联字典!$A$2:$A$13,MATCH(C13,级联字典!$D$2:$D$13,0)))
F14: =IF(D14="","",INDEX(级联字典!$E$2:$E$13,MATCH(I14&"|"&D14,级联字典!$G$2:$G$13,0))) | G14: =IF(A14="","",INDEX(级联字典!$A$2:$A$13,MATCH(A14,级联字典!$B$2:$B$13,0))) | H14: =IF(G14="","",INDEX(级联字典!$A$2:$A$13,MATCH(B14,级联字典!$C$2:$C$13,0))) | I14: =IF(H14="","",INDEX(级联字典!$A$2:$A$13,MATCH(C14,级联字典!$D$2:$D$13,0)))

Sheet 级联字典
A1: KEY | B1: 区域 | C1: 项目 | D1: 子要素 | E1: 条款ID | F1: 条款名 | G1: 条款名键
A2: k1e4fa8a762 | B2: 零部件
A3: kc1c4d5bfd8 | C3: 质量数据采集
A4: kbfee3eebaf | D4: 质量信息传递
A5: c_LJ-01 | E5: LJ-01 | F5: 问题传递及时性 | G5: kbfee3eebaf|问题传递及时性
A6: k9fe68353f8 | D6: 质量问题记录
A7: c_LJ-02 | E7: LJ-02 | F7: CR记录规范性 | G7: k9fe68353f8|CR记录规范性
A8: c_LJ-03 | E8: LJ-03 | F8: QR升级规范性 | G8: k9fe68353f8|QR升级规范性
A9: kb72aa8bc64 | C9: 质量数据运用
A10: kca8cb6920e | D10: 指标统计
A11: c_LJ-04 | E11: LJ-04 | F11: 零部件PPM统计 | G11: kca8cb6920e|零部件PPM统计
A12: k249effdd53 | D12: 监控分析
A13: c_LJ-05 | E13: LJ-05 | F13: PPM监控改进 | G13: k249effdd53|PPM监控改进
